model,n,sequence
neural,4,strance
neural,4,strance
neural,4,strance
neural,4,strance
neural,4,strance
neural,4,strance
neural,4,strance
neural,4,strance
neural,4,strance
neural,4,strance
neural,4,strance
neural,4,strance
neural,4,strance
neural,4,strance
neural,4,strance
neural,4,strance
neural,4,strance
neural,4,strance
neural,4,strance
neural,4,strance
neural,4,strance
neural,4,strance
neural,4,strance
neural,4,strance
neural,4,strance
neural,4,strance
neural,4,strance
neural,4,strance
neural,4,strance
neural,4,strance
neural,4,strance
neural,4,strance
neural,4,strance
neural,4,strance
neural,4,strance
neural,4,strance
neural,4,strance
neural,4,strance
neural,4,strance
neural,4,strance
neural,4,strance
neural,4,strance
neural,4,strance
neural,4,strance
neural,4,strance
neural,4,strance
neural,4,strance
neural,4,strance
neural,4,strance
neural,4,strance
neural,4,strance
neural,4,strance
neural,4,strance
neural,4,strance
neural,4,strance
neural,4,strance
neural,4,strance
neural,4,strance
neural,4,strance
neural,4,strance
neural,4,strance
neural,4,strance
neural,4,strance
neural,4,strance
neural,4,strance
neural,4,strance
neural,4,strance
neural,4,strance
neural,4,strance
neural,4,strance
neural,4,strance
neural,4,strance
neural,4,strance
neural,4,strance
neural,4,strance
neural,4,strance
neural,4,strance
neural,4,strance
neural,4,strance
neural,4,strance
neural,4,strance
neural,4,strance
neural,4,strance
neural,4,strance
neural,4,strance
neural,4,strance
neural,4,strance
neural,4,strance
neural,4,strance
neural,4,strance
neural,4,strance
neural,4,strance
neural,4,strance
neural,4,strance
neural,4,strance
neural,4,strance
neural,4,strance
neural,4,strance
neural,4,strance
neural,4,strance
neural,4,strance
neural,4,strance
neural,4,strance
neural,4,strance
neural,4,strance
neural,4,strance
neural,4,strance
neural,4,strance
neural,4,strance
neural,4,strance
neural,4,strance
neural,4,strance
neural,4,strance
neural,4,strance
neural,4,strance
neural,4,strance
neural,4,strance
neural,4,strance
neural,4,strance
neural,4,strance
neural,4,strance
neural,4,strance
neural,4,strance
neural,4,strance
neural,4,strance
neural,4,strance
neural,4,strance
neural,4,strance
neural,4,strance
neural,4,strance
neural,4,strance
neural,4,strance
neural,4,strance
neural,4,strance
neural,4,strance
neural,4,strance
neural,4,strance
neural,4,strance
neural,4,strance
neural,4,strance
neural,4,strance
neural,4,strance
neural,4,strance
neural,4,strance
neural,4,strance
neural,4,strance
neural,4,strance
neural,4,strance
neural,4,strance
neural,4,strance
neural,4,strance
neural,4,strance
neural,4,strance
neural,4,strance
neural,4,strance
neural,4,strance
neural,4,strance
neural,4,strance
neural,4,strance
neural,4,strance
neural,4,strance
neural,4,strance
neural,4,strance
neural,4,strance
neural,4,strance
neural,4,strance
neural,4,strance
neural,4,strance
neural,4,strance
neural,4,strance
neural,4,strance
neural,4,strance
neural,4,strance
neural,4,strance
neural,4,strance
neural,4,strance
neural,4,strance
neural,4,strance
neural,4,strance
neural,4,strance
neural,4,strance
neural,4,strance
neural,4,strance
neural,4,strance
neural,4,strance
neural,4,strance
neural,4,strance
neural,4,strance
neural,4,strance
neural,4,strance
neural,4,strance
neural,4,strance
neural,4,strance
neural,4,strance
neural,4,strance
neural,4,strance
neural,4,strance
neural,4,strance
neural,4,strance
neural,4,strance
neural,4,strance
neural,4,strance
neural,4,strance
neural,4,strance
neural,4,strance
neural,4,strance
neural,4,strance
neural,4,strance
neural,4,strance
neural,4,strance
neural,4,strance
neural,4,strance
neural,4,strance
neural,4,strance
neural,4,strance
neural,4,strance
neural,4,strance
neural,4,strance
neural,4,strance
neural,4,strance
neural,4,strance
neural,4,strance
neural,4,strance
neural,4,strance
neural,4,strance
neural,4,strance
neural,4,strance
neural,4,strance
neural,4,strance
neural,4,strance
neural,4,strance
neural,4,strance
neural,4,strance
neural,4,strance
neural,4,strance
neural,4,strance
neural,4,strance
neural,4,strance
neural,4,strance
neural,4,strance
neural,4,strance
neural,4,strance
neural,4,strance
neural,4,strance
neural,4,strance
neural,4,strance
neural,4,strance
neural,4,strance
neural,4,strance
neural,4,strance
neural,4,strance
neural,4,strance
neural,4,strance
neural,4,strance
neural,4,strance
neural,4,strance
neural,4,strance
neural,4,strance
neural,4,strance
neural,4,strance
neural,4,strance
neural,4,strance
neural,4,strance
neural,4,strance
neural,4,strance
neural,4,strance
neural,4,strance
neural,4,strance
neural,4,strance
neural,4,strance
neural,4,strance
neural,4,strance
neural,4,strance
neural,4,strance
neural,4,strance
neural,4,strance
neural,4,strance
neural,4,strance
neural,4,strance
neural,4,strance
neural,4,strance
neural,4,strance
neural,4,strance
neural,4,strance
neural,4,strance
neural,4,strance
neural,4,strance
neural,4,strance
neural,4,strance
neural,4,strance
neural,4,strance
neural,4,strance
neural,4,strance
neural,4,strance
neural,4,strance
neural,4,strance
neural,4,strance
neural,4,strance
neural,4,strance
neural,4,strance
neural,5,sall
neural,5,sall
neural,5,sall
neural,5,sall
neural,5,sall
neural,5,sall
neural,5,sall
neural,5,sall
neural,5,sall
neural,5,sall
neural,5,sall
neural,5,sall
neural,5,sall
neural,5,sall
neural,5,sall
neural,5,sall
neural,5,sall
neural,5,sall
neural,5,sall
neural,5,sall
neural,5,sall
neural,5,sall
neural,5,sall
neural,5,sall
neural,5,sall
neural,5,sall
neural,5,sall
neural,5,sall
neural,5,sall
neural,5,sall
neural,5,sall
neural,5,sall
neural,5,sall
neural,5,sall
neural,5,sall
neural,5,sall
neural,5,sall
neural,5,sall
neural,5,sall
neural,5,sall
neural,5,sall
neural,5,sall
neural,5,sall
neural,5,sall
neural,5,sall
neural,5,sall
neural,5,sall
neural,5,sall
neural,5,sall
neural,5,sall
neural,5,sall
neural,5,sall
neural,5,sall
neural,5,sall
neural,5,sall
neural,5,sall
neural,5,sall
neural,5,sall
neural,5,sall
neural,5,sall
neural,5,sall
neural,5,sall
neural,5,sall
neural,5,sall
neural,5,sall
neural,5,sall
neural,5,sall
neural,5,sall
neural,5,sall
neural,5,sall
neural,5,sall
neural,5,sall
neural,5,sall
neural,5,sall
neural,5,sall
neural,5,sall
neural,5,sall
neural,5,sall
neural,5,sall
neural,5,sall
neural,5,sall
neural,5,sall
neural,5,sall
neural,5,sall
neural,5,sall
neural,5,sall
neural,5,sall
neural,5,sall
neural,5,sall
neural,5,sall
neural,5,sall
neural,5,sall
neural,5,sall
neural,5,sall
neural,5,sall
neural,5,sall
neural,5,sall
neural,5,sall
neural,5,sall
neural,5,sall
neural,5,sall
neural,5,sall
neural,5,sall
neural,5,sall
neural,5,sall
neural,5,sall
neural,5,sall
neural,5,sall
neural,5,sall
neural,5,sall
neural,5,sall
neural,5,sall
neural,5,sall
neural,5,sall
neural,5,sall
neural,5,sall
neural,5,sall
neural,5,sall
neural,5,sall
neural,5,sall
neural,5,sall
neural,5,sall
neural,5,sall
neural,5,sall
neural,5,sall
neural,5,sall
neural,5,sall
neural,5,sall
neural,5,sall
neural,5,sall
neural,5,sall
neural,5,sall
neural,5,sall
neural,5,sall
neural,5,sall
neural,5,sall
neural,5,sall
neural,5,sall
neural,5,sall
neural,5,sall
neural,5,sall
neural,5,sall
neural,5,sall
neural,5,sall
neural,5,sall
neural,5,sall
neural,5,sall
neural,5,sall
neural,5,sall
neural,5,sall
neural,5,sall
neural,5,sall
neural,5,sall
neural,5,sall
neural,5,sall
neural,5,sall
neural,5,sall
neural,5,sall
neural,5,sall
neural,5,sall
neural,5,sall
neural,5,sall
neural,5,sall
neural,5,sall
neural,5,sall
neural,5,sall
neural,5,sall
neural,5,sall
neural,5,sall
neural,5,sall
neural,5,sall
neural,5,sall
neural,5,sall
neural,5,sall
neural,5,sall
neural,5,sall
neural,5,sall
neural,5,sall
neural,5,sall
neural,5,sall
neural,5,sall
neural,5,sall
neural,5,sall
neural,5,sall
neural,5,sall
neural,5,sall
neural,5,sall
neural,5,sall
neural,5,sall
neural,5,sall
neural,5,sall
neural,5,sall
neural,5,sall
neural,5,sall
neural,5,sall
neural,5,sall
neural,5,sall
neural,5,sall
neural,5,sall
neural,5,sall
neural,5,sall
neural,5,sall
neural,5,sall
neural,5,sall
neural,5,sall
neural,5,sall
neural,5,sall
neural,5,sall
neural,5,sall
neural,5,sall
neural,5,sall
neural,5,sall
neural,5,sall
neural,5,sall
neural,5,sall
neural,5,sall
neural,5,sall
neural,5,sall
neural,5,sall
neural,5,sall
neural,5,sall
neural,5,sall
neural,5,sall
neural,5,sall
neural,5,sall
neural,5,sall
neural,5,sall
neural,5,sall
neural,5,sall
neural,5,sall
neural,5,sall
neural,5,sall
neural,5,sall
neural,5,sall
neural,5,sall
neural,5,sall
neural,5,sall
neural,5,sall
neural,5,sall
neural,5,sall
neural,5,sall
neural,5,sall
neural,5,sall
neural,5,sall
neural,5,sall
neural,5,sall
neural,5,sall
neural,5,sall
neural,5,sall
neural,5,sall
neural,5,sall
neural,5,sall
neural,5,sall
neural,5,sall
neural,5,sall
neural,5,sall
neural,5,sall
neural,5,sall
neural,5,sall
neural,5,sall
neural,5,sall
neural,5,sall
neural,5,sall
neural,5,sall
neural,5,sall
neural,5,sall
neural,5,sall
neural,5,sall
neural,5,sall
neural,5,sall
neural,5,sall
neural,5,sall
neural,5,sall
neural,5,sall
neural,5,sall
neural,5,sall
neural,5,sall
neural,5,sall
neural,5,sall
neural,5,sall
neural,5,sall
neural,5,sall
neural,5,sall
neural,5,sall
neural,5,sall
neural,5,sall
neural,5,sall
neural,5,sall
neural,5,sall
neural,5,sall
neural,5,sall
neural,5,sall
neural,5,sall
neural,5,sall
neural,5,sall
neural,5,sall
neural,5,sall
neural,5,sall
neural,5,sall
neural,5,sall
neural,5,sall
neural,5,sall
neural,5,sall
neural,5,sall
neural,5,sall
neural,5,sall
neural,5,sall
neural,5,sall
neural,5,sall
neural,5,sall
neural,5,sall
neural,5,sall
neural,5,sall
neural,5,sall
neural,5,sall
neural,5,sall
neural,5,sall
neural,5,sall
neural,5,sall
neural,5,sall
neural,5,sall
neural,5,sall
neural,5,sall
neural,5,sall
neural,5,sall
neural,5,sall
neural,5,sall
neural,5,sall
neural,5,sall
neural,5,sall
neural,5,sall
neural,5,sall
neural,5,sall
neural,5,sall
neural,5,sall
neural,5,sall
neural,5,sall
neural,5,sall
neural,5,sall
neural,5,sall
neural,5,sall
neural,5,sall
neural,5,sall
neural,5,sall
neural,5,sall
neural,5,sall
neural,5,sall
neural,5,sall
neural,5,sall
neural,5,sall
neural,5,sall
neural,5,sall
neural,5,sall
neural,5,sall
neural,5,sall
neural,5,sall
neural,5,sall
neural,5,sall
neural,5,sall
neural,5,sall
neural,5,sall
neural,5,sall
neural,5,sall
neural,5,sall
neural,5,sall
neural,5,sall
neural,5,sall
neural,5,sall
neural,5,sall
neural,5,sall
neural,5,sall
neural,5,sall
neural,5,sall
neural,5,sall
neural,5,sall
neural,5,sall
neural,5,sall
neural,5,sall
neural,5,sall
neural,5,sall
neural,5,sall
neural,5,sall
neural,5,sall
neural,5,sall
neural,5,sall
neural,5,sall
neural,5,sall
neural,5,sall
neural,5,sall
neural,5,sall
neural,5,sall
neural,5,sall
neural,5,sall
neural,5,sall
neural,5,sall
neural,5,sall
neural,5,sall
neural,5,sall
neural,5,sall
neural,5,sall
neural,5,sall
neural,5,sall
neural,5,sall
neural,5,sall
neural,5,sall
neural,5,sall
neural,5,sall
neural,5,sall
neural,5,sall
neural,5,sall
neural,5,sall
neural,5,sall
neural,5,sall
neural,5,sall
neural,5,sall
neural,5,sall
neural,5,sall
neural,5,sall
neural,5,sall
neural,5,sall
neural,5,sall
neural,5,sall
neural,5,sall
neural,5,sall
neural,5,sall
neural,5,sall
neural,5,sall
neural,5,sall
neural,5,sall
neural,5,sall
neural,5,sall
neural,5,sall
neural,5,sall
neural,5,sall
neural,5,sall
neural,5,sall
neural,5,sall
neural,5,sall
neural,5,sall
neural,5,sall
neural,5,sall
neural,5,sall
neural,5,sall
neural,5,sall
neural,5,sall
neural,5,sall
neural,5,sall
neural,5,sall
neural,5,sall
neural,5,sall
neural,5,sall
neural,5,sall
neural,5,sall
neural,5,sall
neural,5,sall
neural,5,sall
neural,5,sall
neural,5,sall
neural,5,sall
neural,5,sall
neural,5,sall
neural,5,sall
neural,5,sall
neural,5,sall
neural,5,sall
neural,5,sall
neural,5,sall
neural,5,sall
neural,5,sall
neural,5,sall
neural,5,sall
neural,5,sall
neural,5,sall
neural,5,sall
neural,5,sall
neural,5,sall
neural,5,sall
neural,5,sall
neural,5,sall
neural,5,sall
neural,5,sall
neural,5,sall
neural,5,sall
neural,5,sall
neural,5,sall
neural,5,sall
neural,5,sall
neural,5,sall
neural,5,sall
neural,5,sall
neural,5,sall
neural,5,sall
neural,5,sall
neural,5,sall
neural,5,sall
neural,5,sall
neural,5,sall
neural,5,sall
neural,5,sall
neural,5,sall
vanilla,3,anxiougger
vanilla,3,ch
vanilla,3,ingrainess
vanilla,3,cle
vanilla,3,withad
vanilla,3,nots
vanilla,3,higed
vanilla,3,dargen
vanilla,3,proseendiff
vanilla,3,ter
vanilla,3,kinsibitecour
vanilla,3,orm
vanilla,3,accom
vanilla,3,ancesenight
vanilla,3,wass
vanilla,3,infly
vanilla,3,der
vanilla,3,telse
vanilla,3,ont
vanilla,3,werandamehom
vanilla,3,wounged
vanilla,3,mostelve
vanilla,3,comen
vanilla,3,thumstainglawasto
vanilla,3,aften
vanilla,3,almarce
vanilla,3,maing
vanilla,3,cotuddist
vanilla,3,bingthe
vanilla,3,fitiond
vanilla,3,sto
vanilla,3,minhe
vanilla,3,drecultosping
vanilla,3,buring
vanilla,3,neentive
vanilla,3,muchous
vanilla,3,surit
vanilla,3,exty
vanilla,3,woundeet
vanilla,3,nots
vanilla,3,supy
vanilla,3,shadeshile
vanilla,3,domel
vanilla,3,insay
vanilla,3,anxis
vanilla,3,shis
vanilla,3,tunt
vanilla,3,gract
vanilla,3,nowernord
vanilla,3,vois
vanilla,3,befying
vanilla,3,uned
vanilla,3,wings
vanilla,3,bregent
vanilla,3,wainenimme
vanilla,3,ruitende
vanilla,3,vion
vanilla,3,riont
vanilla,3,tres
vanilla,3,sciong
vanilla,3,hablind
vanilla,3,ided
vanilla,3,arebor
vanilla,3,whis
vanilla,3,inderit
vanilla,3,objecupose
vanilla,3,whele
vanilla,3,deplople
vanilla,3,duld
vanilla,3,asun
vanilla,3,salf
vanilla,3,idepervild
vanilla,3,greation
vanilla,3,helle
vanilla,3,exis
vanilla,3,othis
vanilla,3,des
vanilla,3,ther
vanilla,3,ejoine
vanilla,3,pree
vanilla,3,uned
vanilla,3,nothin
vanilla,3,unflarl
vanilla,3,dies
vanilla,3,sawdestren
vanilla,3,thentionries
vanilla,3,saideave
vanilla,3,whaisism
vanilla,3,thed
vanilla,3,exer
vanilla,3,witater
vanilla,3,contal
vanilla,3,cushn
vanilla,3,thaved
vanilla,3,buty
vanilla,3,judisaine
vanilla,3,dise
vanilla,3,ehis
vanilla,3,sturne
vanilla,3,inge
vanilla,3,descand
vanilla,3,duchis
vanilla,3,thuttels
vanilla,3,difirseetim
vanilla,3,atick
vanilla,3,magessed
vanilla,3,sust
vanilla,3,bital
vanilla,3,angs
vanilla,3,waketwerems
vanilla,3,sayed
vanilla,3,whoper
vanilla,3,wasell
vanilla,3,hought
vanilla,3,therther
vanilla,3,pre
vanilla,3,glighe
vanilla,3,forkablintruor
vanilla,3,gre
vanilla,3,whobjew
vanilla,3,penatumagany
vanilla,3,gand
vanilla,3,anden
vanilla,3,ithe
vanilla,3,gles
vanilla,3,aps
vanilla,3,lathad
vanilla,3,bliestainved
vanilla,3,resived
vanilla,3,pok
vanilla,3,ityrightnit
vanilla,3,sm
vanilla,3,vin
vanilla,3,thatenes
vanilla,3,dartion
vanilla,3,drin
vanilla,3,leared
vanilla,3,des
vanilla,3,uponialleed
vanilla,3,wesectere
vanilla,3,lainced
vanilla,3,thim
vanilla,3,trus
vanilla,3,cre
vanilla,3,anin
vanilla,3,engs
vanilla,3,hery
vanilla,3,culeyour
vanilla,3,sible
vanilla,3,wyets
vanilla,3,touporrings
vanilla,3,cardy
vanilla,3,ungs
vanilla,3,exis
vanilla,3,essars
vanilla,3,atervelimaked
vanilla,3,romere
vanilla,3,stalen
vanilla,3,ponfeling
vanilla,3,wherconcit
vanilla,3,wout
vanilla,3,arto
vanilla,3,offireasto
vanilla,3,andockled
vanilla,3,firsumseenuall
vanilla,3,witeres
vanilla,3,dars
vanilla,3,ocelor
vanilla,3,pees
vanilla,3,ithee
vanilla,3,hideedial
vanilla,3,throm
vanilla,3,arce
vanilla,3,oluters
vanilla,3,moreart
vanilla,3,shanstain
vanilla,3,ellies
vanilla,3,hisdo
vanilla,3,begang
vanilla,3,aingenown
vanilla,3,noboin
vanilla,3,thathe
vanilla,3,interen
vanilla,3,theartions
vanilla,3,genfer
vanilla,3,courefte
vanilla,3,youre
vanilla,3,omentionny
vanilla,3,himou
vanilla,3,whilestind
vanilla,3,undis
vanilla,3,foughts
vanilla,3,herhis
vanilla,3,maccatch
vanilla,3,gents
vanilla,3,thrand
vanilla,3,atiard
vanilla,3,cout
vanilla,3,gody
vanilla,3,juppred
vanilla,3,ittlearch
vanilla,3,und
vanilla,3,therwit
vanilla,3,inind
vanilla,3,bachost
vanilla,3,intivid
vanilla,3,ouly
vanilla,3,beectured
vanilla,3,beeplacous
vanilla,3,blic
vanilla,3,oull
vanilla,3,sagairy
vanilla,3,oure
vanilla,3,nigurif
vanilla,3,zongetterousts
vanilla,3,terves
vanilla,3,suplas
vanilla,3,loody
vanilla,3,joicking
vanilla,3,cipabous
vanilla,3,uld
vanilla,3,frado
vanilla,3,trapossin
vanilla,3,whise
vanilla,3,whou
vanilla,3,sompre
vanilla,3,ficof
vanilla,3,resely
vanilla,3,smoragand
vanilla,3,ve
vanilla,3,thutions
vanilla,3,drite
vanilla,3,nown
vanilla,3,paroat
vanilla,3,iseerectiout
vanilla,3,iturs
vanilla,3,adision
vanilla,3,witem
vanilla,3,forceftestagen
vanilla,3,hilet
vanilla,3,dandied
vanilla,3,weps
vanilla,3,untly
vanilla,3,indeauty
vanilla,3,thiles
vanilla,3,saysea
vanilla,3,atandififin
vanilla,3,conly
vanilla,3,inglablopmensin
vanilla,3,armigh
vanilla,3,waymouralloselolich
vanilla,3,ander
vanilla,3,unfut
vanilla,3,distail
vanilla,3,ligh
vanilla,3,nowit
vanilla,3,italtionly
vanilla,3,ral
vanilla,3,thembis
vanilla,3,aberld
vanilla,3,ime
vanilla,3,bers
vanilla,3,ouble
vanilla,3,ofspre
vanilla,3,lifent
vanilla,3,whise
vanilla,3,awelf
vanilla,3,ther
vanilla,3,fuld
vanilla,3,afted
vanilla,3,une
vanilla,3,pentasolonstre
vanilla,3,whis
vanilla,3,frope
vanilla,3,sof
vanilla,3,wher
vanilla,3,anallacre
vanilla,3,thall
vanilla,3,ves
vanilla,3,frumme
vanilla,3,smine
vanilla,3,tonly
vanilla,3,le
vanilla,3,appow
vanilla,3,sught
vanilla,3,heithe
vanilla,3,italutly
vanilla,3,ance
vanilla,3,gribled
vanilla,3,uneverver
vanilla,3,mis
vanilla,3,busurab
vanilla,3,hicamed
vanilla,3,kabled
vanilla,3,andiftelloness
vanilla,3,excis
vanilla,3,theight
vanilla,3,rom
vanilla,3,ther
vanilla,3,thenizable
vanilla,3,mente
vanilla,3,obwe
vanilla,3,werbe
vanilla,3,frorion
vanilla,3,nown
vanilla,3,offout
vanilla,3,anith
vanilla,3,antills
vanilla,3,intily
vanilla,3,memat
vanilla,3,armuckbrain
vanilla,3,aften
vanilla,3,hows
vanilla,3,shere
vanilla,3,aftentand
vanilla,3,voich
vanilla,3,flons
vanilla,3,tood
vanilla,3,yourrortheried
vanilla,3,hossintly
vanilla,3,iled
vanilla,3,withilieb
vanilla,3,biledly
vanilla,3,prit
vanilla,3,iseu
vanilla,3,cing
vanilla,3,ound
vanilla,3,mandeitio
vanilla,3,mandsom
vanilla,3,wom
vanilla,3,nabot
vanilla,3,forthere
vanilla,3,somearve
vanilla,3,reastainumense
vanilla,3,frin
vanilla,3,hatolnetillogras
vanilla,3,cohe
vanilla,3,promed
vanilla,3,theartided
vanilla,3,astaken
vanilla,3,haddly
vanilla,3,netage
vanilla,3,ves
vanilla,3,procinteribe
vanilla,3,minly
vanilla,3,wations
vanilla,3,cleful
vanilla,3,com
vanilla,3,ocan
vanilla,3,com
vanilla,3,tomed
vanilla,3,criall
vanilla,3,diche
vanilla,3,ou
vanilla,3,absoll
vanilla,3,soly
vanilla,3,diestesere
vanilla,3,anicidere
vanilla,3,guenin
vanilla,3,nothe
vanilla,3,sucheawyards
vanilla,3,dra
vanilla,3,pre
vanilla,3,brom
vanilla,3,rapitered
vanilla,3,houly
vanilla,3,ellis
vanilla,3,pred
vanilla,3,ance
vanilla,3,hopt
vanilla,3,knothe
vanilla,3,theakin
vanilla,3,thamis
vanilla,3,itappartlecorphavelelf
vanilla,3,anoddesereevin
vanilla,3,arraver
vanilla,3,becke
vanilla,3,ormin
vanilla,3,theonly
vanilla,3,wheme
vanilla,3,wity
vanilla,3,roat
vanilla,3,folime
vanilla,3,thand
vanilla,3,rairtand
vanilla,3,gromed
vanilla,3,anithich
vanilla,3,whe
vanilla,3,nagal
vanilla,3,monly
vanilla,3,mysiten
vanilla,3,dessee
vanilla,3,enat
vanilla,3,unwhe
vanilla,3,ghe
vanilla,3,cour
vanilla,3,begra
vanilla,3,things
vanilla,3,fourathis
vanilla,3,freind
vanilla,3,opecestrepiden
vanilla,3,moulation
vanilla,3,anclientses
vanilla,3,buitter
vanilla,3,anow
vanilla,3,poideme
vanilla,3,miactis
vanilla,3,sithang
vanilla,3,losto
vanilla,3,luchad
vanilla,3,clivessigh
vanilla,3,abiereigh
vanilla,3,thadned
vanilla,3,ine
vanilla,3,ch
vanilla,3,nompt
vanilla,3,ofterfuld
vanilla,3,exce
vanilla,3,hichis
vanilla,3,thed
vanilla,3,seren
vanilla,3,reme
vanilla,3,caliarrom
vanilla,3,ful
vanilla,3,dazing
vanilla,3,theiven
vanilla,3,ther
vanilla,3,emp
vanilla,3,ch
vanilla,3,fordessualaby
vanilla,3,pe
vanilla,3,diffivean
vanilla,3,aboades
vanilla,3,ded
vanilla,3,rhat
vanilla,3,noin
vanilla,3,clonglarmer
vanilla,3,havy
vanilla,3,bodideass
vanilla,3,excend
vanilla,3,pongthad
vanilla,3,awastery
vanilla,3,towed
vanilla,3,nory
vanilla,3,orty
vanilla,3,deeppy
vanilla,3,munto
vanilla,3,wely
vanilla,3,happrient
vanilla,3,congthe
vanilla,3,whowithe
vanilla,3,backs
vanilla,3,sholeardeavanot
vanilla,3,weved
vanilla,3,camond
vanilla,3,hationsappy
vanilla,3,hicand
vanilla,3,tount
vanilla,3,ster
vanilla,3,ress
vanilla,3,nactimed
vanilla,3,oughtioneat
vanilla,3,mur
vanilla,3,belm
vanilla,3,acce
vanilla,3,ther
vanilla,3,whis
vanilla,3,mentiarcholue
vanilla,3,sed
vanilla,3,thandom
vanilla,3,upidis
vanilla,3,atainhapooke
vanilla,3,grome
vanilla,3,pre
vanilla,3,deatle
vanilla,3,theame
vanilla,3,emed
vanilla,3,twer
vanilla,3,offe
vanilla,3,wor
vanilla,3,whisece
vanilla,3,sproupeare
vanilla,3,thatence
vanilla,3,ang
vanilla,3,fullossand
vanilla,3,mond
vanilla,3,octanded
vanilla,3,isage
vanilla,3,sache
vanilla,3,ans
vanilla,3,noul
vanilla,3,makind
vanilla,3,crinnight
vanilla,3,dece
vanilla,3,kneviond
vanilla,3,lowersta
vanilla,3,drowa
vanilla,3,housiany
vanilla,3,daincemy
vanilla,3,alis
vanilla,3,twed
vanilla,3,yousuch
vanilla,3,lighe
vanilla,3,sampon
vanilla,3,viessemention
vanilla,3,thertion
vanilla,3,ner
vanilla,3,obblen
vanilla,3,entionearte
vanilla,3,itatentle
vanilla,3,siblecon
vanilla,3,hermithe
vanilla,3,stimed
vanilla,3,dat
vanilla,3,unsid
vanilla,3,ligh
vanilla,3,idear
vanilla,3,humbsof
vanilla,3,ang
vanilla,3,thaninue
vanilla,3,banown
vanilla,3,mily
vanilla,3,ang
vanilla,3,giter
vanilla,3,matiorean
vanilla,3,inin
vanilla,3,whoutand
vanilla,3,tabousion
vanilla,3,fingualin
vanilla,3,hiching
vanilla,3,foull
vanilla,3,fingracquile
vanilla,3,unniver
vanilla,3,hisell
vanilla,3,paughou
vanilla,3,anter
vanilla,3,hounar
vanilla,3,ackno
vanilla,3,ved
vanilla,3,arrif
vanilla,3,whery
vanilla,3,tuall
vanilla,3,yetind
vanilla,3,thentuoulathabsegivers
vanilla,3,therearead
vanilla,3,theard
vanilla,3,thand
vanilla,3,mined
vanilla,3,hutted
vanilla,3,prout
vanilla,3,mit
vanilla,3,dayed
vanilla,3,upplat
vanilla,3,fromen
vanilla,3,toing
vanilla,3,fices
vanilla,3,doorrivallosequalies
vanilla,3,agablatery
vanilla,3,ings
vanilla,3,has
vanilla,3,hincee
vanilla,3,sont
vanilla,3,bores
vanilla,3,oly
vanilla,3,wiff
vanilla,3,ealks
vanilla,3,burk
vanilla,3,tholle
vanilla,3,behishatande
vanilla,3,termity
vanilla,3,gre
vanilla,3,whout
vanilla,3,toodied
vanilla,3,lare
vanilla,3,thers
vanilla,3,ings
vanilla,3,oustill
vanilla,3,teence
vanilla,3,foriallive
vanilla,3,onchavistand
vanilla,3,ther
vanilla,3,ifelf
vanilla,3,inatithe
vanilla,3,squity
vanilla,3,whad
vanilla,3,haterught
vanilla,3,ittated
vanilla,3,thyser
vanilla,3,dichationsobeizancealtelf
vanilla,3,enis
vanilla,3,shrof
vanilla,3,solight
vanilla,3,ings
vanilla,3,tage
vanilla,3,wairaccon
vanilla,3,whorth
vanilla,3,wantion
vanilla,3,youll
vanilla,3,withasom
vanilla,3,wasy
vanilla,3,callammers
vanilla,3,ther
vanilla,3,astiblefor
vanilla,3,theriess
vanilla,3,broat
vanilla,3,piced
vanilla,3,ded
vanilla,3,sught
vanilla,3,gatte
vanilla,3,wasts
vanilla,3,theivereter
vanilla,3,beed
vanilla,3,shras
vanilla,3,le
vanilla,3,prowe
vanilla,3,haloventledeentrur
vanilla,3,extridexce
vanilla,3,thaverachaeou
vanilla,3,bacre
vanilla,3,occul
vanilla,3,barld
vanilla,3,aterfant
vanilla,3,thered
vanilla,3,ote
vanilla,3,scomeng
vanilla,3,wits
vanilla,3,hille
vanilla,3,hestiouratured
vanilla,3,fromenterand
vanilla,3,steren
vanilla,3,gre
vanilla,3,grects
vanilla,3,mich
vanilla,3,wholosider
vanilla,3,hicky
vanilla,3,itylayseasuchistand
vanilla,3,thens
vanilla,3,asix
vanilla,3,grerty
vanilla,3,traninuffight
vanilla,3,alones
vanilla,3,yought
vanilla,3,le
vanilla,3,plisionsis
vanilla,3,toody
vanilla,3,ano
vanilla,3,everius
vanilla,3,comed
vanilla,3,afted
vanilla,3,atenclent
vanilla,3,magainthe
vanilla,3,buthatriand
vanilla,3,farventrand
vanilla,3,int
vanilla,3,wassit
vanilla,3,nal
vanilla,3,res
vanilla,3,cums
vanilla,3,anked
vanilla,3,sarrould
vanilla,3,pred
vanilla,3,bly
vanilla,3,wourposeemenke
vanilla,3,ints
vanilla,3,hemeaundentreated
vanilla,3,thathery
vanilla,3,cul
vanilla,3,sisted
vanilla,3,gumit
vanilla,3,swithrif
vanilla,3,alre
vanilla,3,prome
vanilla,3,des
vanilla,3,sping
vanilla,3,nuseemate
vanilla,3,arthe
vanilla,3,brifleard
vanilla,3,beandis
vanilla,3,wasturn
vanilla,3,theand
vanilla,3,thom
vanilla,3,tion
vanilla,3,thart
vanilla,3,cas
vanilla,3,wevereareemboyeaus
vanilla,3,exispose
vanilla,3,yould
vanilla,3,horquich
vanilla,3,ves
vanilla,3,aboureforpont
vanilla,3,ince
vanilla,3,ideepting
vanilla,3,gruen
vanilla,3,itakenor
vanilla,3,fror
vanilla,3,sootelown
vanilla,3,dishribittlenial
vanilla,3,natis
vanilla,3,rebastioutterestall
vanilla,3,vois
vanilla,3,ince
vanilla,3,whingthey
vanilla,3,sholdrinno
vanilla,3,thaves
vanilla,3,mord
vanilla,3,clent
vanilla,3,ofted
vanilla,3,ince
vanilla,3,herisincht
vanilla,3,thewince
vanilla,3,diceakess
vanilla,3,perand
vanilla,3,trationsiblere
vanilla,3,symod
vanilla,3,castichims
vanilla,3,shic
vanilla,3,forecturean
vanilla,3,tomature
vanilla,3,explon
vanilla,3,smus
vanilla,3,trequar
vanilla,3,inincesto
vanilla,3,potestand
vanilla,3,hato
vanilla,3,myseeter
vanilla,3,objech
vanilla,3,gurdo
vanilla,3,ofs
vanilla,3,yout
vanilla,3,und
vanilla,3,sed
vanilla,3,waseiaresperes
vanilla,3,als
vanilla,3,ite
vanilla,3,dencer
vanilla,3,yound
vanilla,3,knothiativis
vanilla,3,tives
vanilla,3,houdis
vanilla,3,spless
vanilla,3,numme
vanilla,3,wity
vanilla,3,hadoody
vanilla,3,ther
vanilla,3,lon
vanilla,3,wor
vanilla,3,exchat
vanilla,3,broomencrougers
vanilla,3,landes
vanilla,3,bromited
vanilla,3,nis
vanilla,3,inevingult
vanilla,3,sentirs
vanilla,3,fring
vanilla,3,ther
vanilla,3,nuenegion
vanilla,3,lacke
vanilla,3,hed
vanilla,3,huned
vanilla,3,merestre
vanilla,3,aceence
vanilla,3,thatuntrid
vanilla,3,wided
vanilla,3,sichand
vanilla,3,woughbovereand
vanilla,3,nowe
vanilla,3,mantent
vanilla,3,poners
vanilla,3,adt
vanilla,3,witly
vanilla,3,ther
vanilla,3,andeme
vanilla,3,amenothersur
vanilla,3,sorken
vanilla,3,ais
vanilla,3,wass
vanilla,3,grempards
vanilla,3,nic
vanilla,3,allows
vanilla,3,hophene
vanilla,3,hamot
vanilla,3,farly
vanilla,3,lon
vanilla,3,therhade
vanilla,3,geng
vanilla,3,innextry
vanilla,3,ficlin
vanilla,3,trable
vanilla,3,witiont
vanilla,3,hond
vanilla,3,spriefs
vanilla,3,yous
vanilla,3,sucke
vanilla,3,appect
vanilla,3,thouthe
vanilla,3,maing
vanilla,3,sle
vanilla,3,ang
vanilla,3,whil
vanilla,3,siblet
vanilla,3,als
vanilla,3,affog
vanilla,3,ackly
vanilla,3,oper
vanilla,3,diessubbolnexcit
vanilla,3,delinuffing
vanilla,3,wery
vanilla,3,divedice
vanilla,3,couty
vanilla,3,whairsubstly
vanilla,3,weill
vanilla,3,thoseent
vanilla,3,dily
vanilla,3,whic
vanilla,3,fesion
vanilla,3,anteconcelcut
vanilla,3,mythere
vanilla,3,elven
vanilla,3,didly
vanilla,3,weeplon
vanilla,3,ter
vanilla,3,vont
vanilla,3,marrorly
vanilla,3,solignaratiffir
vanilla,3,moarkar
vanilla,3,wousliviche
vanilla,3,lifired
vanilla,3,thery
vanilla,3,fromplandeat
vanilla,3,wastent
vanilla,3,ebutwerld
vanilla,3,muc
vanilla,3,antin
vanilla,3,cour
vanilla,3,combon
vanilla,3,whe
vanilla,3,ungtheittion
vanilla,3,oncum
vanilla,3,offentmentionly
vanilla,3,becouril
vanilla,3,fecese
vanilla,3,wror
vanilla,3,hund
vanilla,3,com
vanilla,3,anduall
vanilla,3,feaven
vanilla,3,prew
vanilla,3,firly
vanilla,3,hescrow
vanilla,3,sed
vanilla,3,sledned
vanilla,3,ead
vanilla,3,thel
vanilla,3,le
vanilla,3,grom
vanilla,3,heds
vanilla,3,ity
vanilla,3,fer
vanilla,3,wity
vanilla,3,pineould
vanilla,3,oneve
vanilla,3,mut
vanilla,3,hakintiest
vanilla,3,hervereem
vanilla,3,summudithe
vanilla,3,thereque
vanilla,3,drointhich
vanilla,3,weenty
vanilla,3,fountemand
vanilla,3,soo
vanilla,3,depleseadynce
vanilla,3,beive
vanilla,3,sque
vanilla,3,inge
vanilla,3,myseed
vanilla,3,apeandentage
vanilla,3,le
vanilla,3,und
vanilla,3,desten
vanilla,3,wher
vanilla,3,exproneas
vanilla,3,wout
vanilla,3,stak
vanilla,3,trecent
vanilla,3,veriell
vanilla,3,explums
vanilla,3,ofteend
vanilla,3,phts
vanilla,3,pince
vanilla,3,glas
vanilla,3,liturn
vanilla,3,fulurstrouland
vanilla,3,gine
vanilla,3,vildle
vanilla,3,ung
vanilla,3,porder
vanilla,3,efin
vanilla,3,andonter
vanilla,3,whear
vanilla,3,stered
vanilla,3,magen
vanilla,3,idr
vanilla,3,ang
vanilla,3,norselyssity
vanilla,3,hicampeard
vanilla,3,forly
vanilla,3,emblentariverandire
vanilla,3,crizabilip
vanilla,3,whild
vanilla,3,tanid
vanilla,3,istersernity
vanilla,3,whe
vanilla,3,memb
vanilla,3,seling
vanilla,3,sphoul
vanilla,3,norch
vanilla,3,lactlysell
vanilla,3,difirrightery
vanilla,3,taineyet
vanilla,3,brige
vanilla,3,prown
vanilla,3,remerind
vanilla,3,thurimme
vanilla,3,theamisfamis
vanilla,3,storsechly
vanilla,3,tilyn
vanilla,3,exquoure
vanilla,3,frousted
vanilla,3,waniought
vanilla,3,pene
vanilla,3,exprits
vanilla,3,exposigainke
vanilla,3,bouscry
vanilla,3,isation
vanilla,3,sountays
vanilla,3,cas
vanilla,3,chus
vanilla,3,havoich
vanilla,3,tok
vanilla,3,shinfically
vanilla,3,coing
vanilla,3,lonsteardialt
vanilla,3,grothings
vanilla,3,gre
vanilla,3,seseelve
vanilla,3,anded
vanilla,3,cillend
vanilla,3,stat
vanilla,3,scome
vanilla,3,thoultindousind
vanilla,3,maif
vanilla,3,hould
vanilla,3,peourn
vanilla,3,thembecere
vanilla,3,buttedged
vanilla,3,incting
vanilla,3,nes
vanilla,3,stabor
vanilla,3,ths
vanilla,3,beareated
vanilla,3,tooke
vanilla,3,com
vanilla,3,thipse
vanilla,3,yoult
vanilla,3,whe
vanilla,3,frace
vanilla,3,teried
vanilla,3,ine
vanilla,3,juld
vanilla,3,zondles
vanilla,3,inges
vanilla,3,ansill
vanilla,3,ror
vanilla,3,frome
vanilla,3,oonigh
vanilla,3,mosonesers
vanilla,3,ated
vanilla,3,thadeed
vanilla,3,uption
vanilla,3,mety
vanilla,3,sainat
vanilla,3,coulthert
vanilla,3,whis
vanilla,3,gromed
vanilla,3,monly
vanilla,3,onas
vanilla,3,whout
vanilla,3,farts
vanilla,3,sumbears
vanilla,3,warmoverty
vanilla,3,ster
vanilla,3,woustione
vanilla,3,ther
vanilla,3,noractle
vanilla,3,conexcelike
vanilla,3,teles
vanilla,3,nold
vanilla,3,thich
vanilla,3,fandis
vanilla,3,bloax
vanilla,3,yought
vanilla,3,cupospards
vanilla,3,tiolveas
vanilla,3,nobjentrace
vanilla,3,tely
vanilla,3,vally
vanilla,3,ustang
vanilla,3,supret
vanilla,3,sciesseepage
vanilla,3,def
vanilla,3,nams
vanilla,3,therducked
vanilla,3,mys
vanilla,3,thadeaver
vanilla,3,thromence
vanilla,3,antiend
vanilla,3,sontionign
vanilla,3,shesesh
vanilla,3,thidel
vanilla,3,mearknercent
vanilla,3,mis
vanilla,3,fireforther
vanilla,3,tand
vanilla,3,cle
vanilla,3,pors
vanilla,3,ith
vanilla,3,zabousto
vanilla,3,losto
vanilla,3,cons
vanilla,3,manotwencempal
vanilla,3,marmine
vanilla,3,thromed
vanilla,3,farraviskableavinign
vanilla,3,foly
vanilla,3,thopen
vanilla,3,asced
vanilla,3,ingeorse
vanilla,3,crelovenat
vanilla,3,yeartudy
vanilla,3,une
vanilla,3,buty
vanilla,3,opparm
vanilla,3,rany
vanilla,3,hatithysed
vanilla,3,poin
vanilla,3,roler
vanilla,3,ropipir
vanilla,3,fores
vanilla,3,stat
vanilla,3,buttel
vanilla,3,ence
vanilla,3,yonsmar
vanilla,3,briced
vanilla,3,quend
vanilla,3,mysetur
vanilla,3,aste
vanilla,3,provold
vanilla,3,accumsect
vanilla,3,tonsuch
vanilla,3,allovery
vanilla,3,prom
vanilla,3,inceared
vanilla,3,buiscaut
vanilla,3,conly
vanilla,3,cancess
vanilla,3,ized
vanilla,3,saris
vanilla,3,briond
vanilla,3,friman
vanilla,3,astantenows
vanilla,3,dify
vanilla,3,hishas
vanilla,3,voing
vanilla,3,verwity
vanilla,3,vion
vanilla,3,froughts
vanilla,3,agesch
vanilla,3,intle
vanilla,3,suchored
vanilla,3,ch
vanilla,3,sucknias
vanilla,3,alleak
vanilla,3,und
vanilla,3,lould
vanilla,3,ch
vanilla,3,thadynclots
vanilla,3,githe
vanilla,3,dr
vanilla,3,leas
vanilla,3,fancen
vanilla,3,towars
vanilla,3,nem
vanilla,3,morial
vanilla,3,distiouldne
vanilla,3,brorpas
vanilla,3,sornight
vanilla,3,oreement
vanilla,3,comento
vanilla,3,sitheried
vanilla,3,warearcoute
vanilla,3,warknesse
vanilla,3,gralt
vanilla,3,sublerighs
vanilla,3,mond
vanilla,3,theand
vanilla,3,heirione
vanilla,3,heit
vanilla,3,inhaft
vanilla,3,disilend
vanilla,3,froalmostow
vanilla,3,foret
vanilla,3,gund
vanilla,3,beed
vanilla,3,thold
vanilla,3,sto
vanilla,3,iny
vanilla,3,skinvy
vanilla,3,sughteep
vanilla,3,norass
vanilla,3,obideriery
vanilla,3,athe
vanilla,3,thimel
vanilla,3,antimmus
vanilla,3,threstion
vanilla,3,thatersed
vanilla,3,scromign
vanilla,3,reforethe
vanilla,3,duld
vanilla,3,ballint
vanilla,3,froon
vanilla,3,thes
vanilla,3,ofook
vanilla,3,saingly
vanilla,3,thasomme
vanilla,3,clons
vanilla,3,ded
vanilla,3,gre
vanilla,3,ster
vanilla,3,und
vanilla,3,harly
vanilla,3,olle
vanilla,3,ithre
vanilla,3,prin
vanilla,3,frevelf
vanilla,3,uper
vanilla,3,traill
vanilla,3,froul
vanilla,3,wounce
vanilla,3,wevidneyeamend
vanilla,3,atly
vanilla,3,sce
vanilla,3,qual
vanilla,3,darly
vanilla,3,ituesely
vanilla,3,mysed
vanilla,3,torknolifing
vanilla,3,frommed
vanilla,3,anglon
vanilla,3,accoult
vanilla,3,oble
vanilla,3,forgan
vanilla,3,iffiever
vanilla,3,farseentry
vanilla,3,giceas
vanilla,3,imne
vanilla,3,magenly
vanilla,3,taidif
vanilla,3,maticinsiong
vanilla,3,ity
vanilla,3,thadays
vanilla,3,allovenseemenessibleseep
vanilla,3,ath
vanilla,3,feam
vanilla,3,nes
vanilla,3,equits
vanilla,3,whold
vanilla,3,cial
vanilla,3,whad
vanilla,3,prous
vanilla,3,whou
vanilla,3,wel
vanilla,3,curvarche
vanilla,3,fory
vanilla,3,thicks
vanilla,3,ghtletwor
vanilla,3,res
vanilla,3,ated
vanilla,3,couted
vanilla,3,finew
vanilla,3,layine
vanilla,3,sone
vanilla,3,sines
vanilla,3,objecorste
vanilla,3,drit
vanilla,3,exclest
vanilla,3,buty
vanilla,3,onnit
vanilla,3,chistationly
vanilla,3,twilcur
vanilla,3,parchost
vanilla,3,illiaret
vanilla,3,hich
vanilla,3,theyed
vanilla,3,som
vanilla,3,whocired
vanilla,3,ive
vanilla,3,ch
vanilla,3,thentlerepticand
vanilla,3,rusis
vanilla,3,feath
vanilla,3,exed
vanilla,3,suriligninguithe
vanilla,3,nown
vanilla,3,onsed
vanilla,3,begraged
vanilla,3,fropeadin
vanilla,3,com
vanilla,3,uter
vanilla,3,reety
vanilla,3,ime
vanilla,3,heas
vanilla,3,cometich
vanilla,3,gre
vanilla,3,res
vanilla,3,thres
vanilla,3,tand
vanilla,3,sudge
vanilla,3,phiche
vanilla,3,ble
vanilla,3,logs
vanilla,3,priam
vanilla,3,facroccuddly
vanilla,3,inknow
vanilla,3,pliestlight
vanilla,3,siden
vanilla,3,thimat
vanilla,3,prearse
vanilla,3,whe
vanilla,3,onat
vanilla,3,whowas
vanilla,3,affithis
vanilla,3,theyoutury
vanilla,3,excer
vanilla,3,orthe
vanilla,3,beres
vanilla,3,foce
vanilla,3,frou
vanilla,3,axer
vanilla,3,inell
vanilla,3,thery
vanilla,3,ity
vanilla,3,nal
vanilla,3,ve
vanilla,3,exch
vanilla,3,adly
vanilla,3,offecathormy
vanilla,3,befort
vanilla,3,kined
vanilla,3,caneverared
vanilla,3,warsto
vanilla,3,thim
vanilla,3,whe
vanilla,3,astre
vanilla,3,anindiferied
vanilla,3,thed
vanilla,3,ther
vanilla,3,agenor
vanilla,3,frotalled
vanilla,3,obeted
vanilla,3,achounks
vanilla,3,ebiat
vanilla,3,approick
vanilla,3,sareme
vanilla,3,muchout
vanilla,3,thent
vanilla,3,porn
vanilla,3,asuand
vanilla,3,nituree
vanilla,3,upir
vanilla,3,cous
vanilla,3,ractrat
vanilla,3,onjureng
vanilla,3,ougless
vanilla,3,yeary
vanilla,3,naters
vanilla,3,ther
vanilla,3,mareard
vanilla,3,fied
vanilla,3,uperefted
vanilla,3,wasmostriume
vanilla,3,efectiand
vanilla,3,grome
vanilla,3,befordept
vanilla,3,descate
vanilla,3,iterep
vanilla,3,weas
vanilla,3,malfic
vanilla,3,afticildmagrelf
vanilla,3,vills
vanilla,3,dienterom
vanilla,3,calins
vanilla,3,aut
vanilla,3,theriess
vanilla,3,und
vanilla,3,teetter
vanilla,3,agnignampreel
vanilla,3,knotichall
vanilla,3,theiverathad
vanilla,3,ciatted
vanilla,3,forosesto
vanilla,3,whis
vanilla,3,ims
vanilla,3,pre
vanilla,3,ou
vanilla,3,buts
vanilla,3,und
vanilla,3,burne
vanilla,3,pught
vanilla,3,dischich
vanilla,3,ther
vanilla,3,enamelling
vanilla,3,atectuail
vanilla,3,ve
vanilla,3,plur
vanilla,3,prieve
vanilla,3,cis
vanilla,3,maireme
vanilla,3,lariet
vanilla,3,asciall
vanilla,3,casy
vanilla,3,exce
vanilla,3,ladis
vanilla,3,gre
vanilla,3,whicationswity
vanilla,3,spid
vanilla,3,aboultiethe
vanilla,3,ch
vanilla,3,scamon
vanilla,3,hateressain
vanilla,3,linkrequin
vanilla,3,lithere
vanilla,3,donlis
vanilla,3,cie
vanilla,3,extrimence
vanilla,3,leaphy
vanilla,3,agere
vanilla,3,exple
vanilla,3,explasto
vanilla,3,worstragratiount
vanilla,3,ch
vanilla,3,houne
vanilla,3,whis
vanilla,3,yeakin
vanilla,3,gromme
vanilla,3,istere
vanilla,3,usugh
vanilla,3,ainged
vanilla,3,fuld
vanilla,3,sageselast
vanilla,3,ined
vanilla,3,com
vanilla,3,shaterat
vanilla,3,yous
vanilla,3,lach
vanilla,3,thesses
vanilla,3,wor
vanilla,3,austith
vanilla,3,isim
vanilla,3,atch
vanilla,3,excithe
vanilla,3,adeed
vanilla,3,wook
vanilla,3,younfor
vanilla,3,ther
vanilla,3,pres
vanilla,3,acted
vanilla,3,subt
vanilla,3,knosee
vanilla,3,wherithad
vanilla,3,ato
vanilla,3,gregres
vanilla,3,tioninglon
vanilla,3,posizabounrevessible
vanilla,3,theright
vanilla,3,thense
vanilla,3,excied
vanilla,3,tous
vanilla,3,ruis
vanilla,3,vicked
vanilla,3,youred
vanilla,3,sunple
vanilla,3,edurst
vanilla,3,youldid
vanilla,3,orinothe
vanilla,3,sestakind
vanilla,3,adis
vanilla,3,issan
vanilla,3,nower
vanilla,3,exagesout
vanilla,3,ohourembse
vanilla,3,gre
vanilla,3,couldockin
vanilla,3,mifecter
vanilla,3,andirighbormatin
vanilla,3,perestur
vanilla,3,nottle
vanilla,3,pe
vanilla,3,spentry
vanilla,3,res
vanilla,3,offect
vanilla,3,wout
vanilla,3,forinuffin
vanilla,3,int
vanilla,3,ased
vanilla,3,pectsity
vanilla,3,himed
vanilla,3,beeciant
vanilla,3,mommendo
vanilla,3,barme
vanilla,3,whossong
vanilla,3,lity
vanilla,3,eaked
vanilla,3,pelphound
vanilla,3,pubduccat
vanilla,3,shind
vanilla,3,res
vanilla,3,onight
vanilla,3,thistanticer
vanilla,3,thime
vanilla,3,fress
vanilla,3,wor
vanilla,3,cleyearchany
vanilla,3,nouslachearittentre
vanilla,3,onight
vanilla,3,trus
vanilla,3,endect
vanilla,3,trely
vanilla,3,oningstany
vanilla,3,le
vanilla,3,biace
vanilla,3,thind
vanilla,3,hou
vanilla,3,ang
vanilla,3,oct
vanilla,3,ou
vanilla,3,whe
vanilla,3,apeaving
vanilla,3,criesell
vanilla,3,dend
vanilla,3,ithadess
vanilla,3,thall
vanilla,3,hoblething
vanilla,3,ime
vanilla,3,frocke
vanilla,3,olumpeadred
vanilla,3,ebrome
vanilla,3,hisence
vanilla,3,loned
vanilla,3,hationsis
vanilla,3,blift
vanilla,3,neret
vanilla,3,newere
vanilla,3,ths
vanilla,4,amusionalled
vanilla,4,blastom
vanilla,4,circleave
vanilla,4,cowared
vanilla,4,bittles
vanilla,4,inves
vanilla,4,terressed
vanilla,4,stantly
vanilla,4,gous
vanilla,4,instremain
vanilla,4,aftendangeonsciouse
vanilla,4,wors
vanilla,4,cred
vanilla,4,virule
vanilla,4,stroyed
vanilla,4,whical
vanilla,4,pres
vanilla,4,reath
vanilla,4,sinestim
vanilla,4,idriagnific
vanilla,4,vassorbinaturnitermyn
vanilla,4,yountinentle
vanilla,4,enoughtin
vanilla,4,thind
vanilla,4,ched
vanilla,4,acal
vanilla,4,enor
vanilla,4,ical
vanilla,4,whic
vanilla,4,gustronoursuity
vanilla,4,wereded
vanilla,4,foress
vanilla,4,mach
vanilla,4,stracess
vanilla,4,ress
vanilla,4,pers
vanilla,4,drage
vanilla,4,pears
vanilla,4,throughtful
vanilla,4,broat
vanilla,4,himned
vanilla,4,clum
vanilla,4,foolic
vanilla,4,convirtunimagnity
vanilla,4,pocker
vanilla,4,behavined
vanilla,4,rulogy
vanilla,4,mademessess
vanilla,4,myselve
vanilla,4,aftere
vanilla,4,unnough
vanilla,4,gruffian
vanilla,4,wate
vanilla,4,specimes
vanilla,4,imps
vanilla,4,confind
vanilla,4,inhape
vanilla,4,cely
vanilla,4,contely
vanilla,4,begant
vanilla,4,thand
vanilla,4,nevery
vanilla,4,immering
vanilla,4,scaper
vanilla,4,uniciate
vanilla,4,assible
vanilla,4,agined
vanilla,4,dous
vanilla,4,toods
vanilla,4,apture
vanilla,4,stooking
vanilla,4,alongreet
vanilla,4,ther
vanilla,4,eque
vanilla,4,dired
vanilla,4,varies
vanilla,4,thich
vanilla,4,officulation
vanilla,4,haun
vanilla,4,streal
vanilla,4,solv
vanilla,4,betweep
vanilla,4,conterribe
vanilla,4,wildrent
vanilla,4,hyments
vanilla,4,boissarillevative
vanilla,4,felied
vanilla,4,appartion
vanilla,4,inted
vanilla,4,beyondivell
vanilla,4,whencomrade
vanilla,4,coffice
vanilla,4,andemnly
vanilla,4,traymonder
vanilla,4,knewed
vanilla,4,ength
vanilla,4,hiled
vanilla,4,sprath
vanilla,4,nexpress
vanilla,4,circles
vanilla,4,paid
vanilla,4,adring
vanilla,4,alm
vanilla,4,aminusual
vanilla,4,workind
vanilla,4,anishy
vanilla,4,als
vanilla,4,outrive
vanilla,4,indingly
vanilla,4,forbed
vanilla,4,magnife
vanilla,4,emplears
vanilla,4,mysteep
vanilla,4,feet
vanilla,4,inven
vanilla,4,lettincuman
vanilla,4,firstand
vanilla,4,hasessatus
vanilla,4,loved
vanilla,4,thance
vanilla,4,diaters
vanilla,4,cour
vanilla,4,tity
vanilla,4,commondnession
vanilla,4,didabber
vanilla,4,horriek
vanilla,4,arous
vanilla,4,thout
vanilla,4,secomind
vanilla,4,sydnessenting
vanilla,4,accome
vanilla,4,methous
vanilla,4,writably
vanilla,4,thods
vanilla,4,crows
vanilla,4,heartion
vanilla,4,circasied
vanilla,4,wharation
vanilla,4,incible
vanilla,4,eyes
vanilla,4,opping
vanilla,4,elabovery
vanilla,4,protenantions
vanilla,4,writy
vanilla,4,animattinglady
vanilla,4,featerrible
vanilla,4,laughted
vanilla,4,arassing
vanilla,4,seceive
vanilla,4,von
vanilla,4,pecut
vanilla,4,drable
vanilla,4,ther
vanilla,4,strepths
vanilla,4,admity
vanilla,4,cers
vanilla,4,ovembarknew
vanilla,4,oned
vanilla,4,ascendle
vanilla,4,thous
vanilla,4,incould
vanilla,4,loses
vanilla,4,trantiny
vanilla,4,thest
vanilla,4,temployed
vanilla,4,ambusic
vanilla,4,molently
vanilla,4,descrime
vanilla,4,experds
vanilla,4,degroom
vanilla,4,preplies
vanilla,4,notwing
vanilla,4,migraving
vanilla,4,phamburgelay
vanilla,4,cemedities
vanilla,4,anot
vanilla,4,sours
vanilla,4,ords
vanilla,4,soment
vanilla,4,leverly
vanilla,4,interedulgeners
vanilla,4,inspirity
vanilla,4,deartillude
vanilla,4,hape
vanilla,4,missed
vanilla,4,evided
vanilla,4,crestoward
vanilla,4,abonallers
vanilla,4,desperface
vanilla,4,mothe
vanilla,4,reventance
vanilla,4,hile
vanilla,4,deathe
vanilla,4,revotion
vanilla,4,clost
vanilla,4,shutted
vanilla,4,seents
vanilla,4,arget
vanilla,4,panice
vanilla,4,oth
vanilla,4,descens
vanilla,4,dissists
vanilla,4,crumfor
vanilla,4,moursed
vanilla,4,thants
vanilla,4,heare
vanilla,4,thers
vanilla,4,sation
vanilla,4,neral
vanilla,4,anothe
vanilla,4,grassion
vanilla,4,twishe
vanilla,4,palute
vanilla,4,igns
vanilla,4,removine
vanilla,4,bookenes
vanilla,4,communive
vanilla,4,somes
vanilla,4,othe
vanilla,4,stombrait
vanilla,4,gread
vanilla,4,befor
vanilla,4,emberson
vanilla,4,stured
vanilla,4,nothe
vanilla,4,crafter
vanilla,4,permatics
vanilla,4,milence
vanilla,4,wond
vanilla,4,mustiny
vanilla,4,vigorgan
vanilla,4,exped
vanilla,4,cle
vanilla,4,sexertoods
vanilla,4,strug
vanilla,4,wards
vanilla,4,teading
vanilla,4,overy
vanilla,4,discophin
vanilla,4,terin
vanilla,4,mastillassessipath
vanilla,4,hearength
vanilla,4,bors
vanilla,4,obermed
vanilla,4,chan
vanilla,4,has
vanilla,4,toweven
vanilla,4,ened
vanilla,4,ther
vanilla,4,beinexacted
vanilla,4,thers
vanilla,4,victure
vanilla,4,comple
vanilla,4,naturess
vanilla,4,spected
vanilla,4,passes
vanilla,4,libe
vanilla,4,placonce
vanilla,4,thite
vanilla,4,examind
vanilla,4,diffected
vanilla,4,measy
vanilla,4,mathe
vanilla,4,discharabbag
vanilla,4,instrium
vanilla,4,interrow
vanilla,4,hadown
vanilla,4,suffirstormatort
vanilla,4,mystened
vanilla,4,acter
vanilla,4,cupy
vanilla,4,trustyle
vanilla,4,famind
vanilla,4,mecheds
vanilla,4,stoo
vanilla,4,fortain
vanilla,4,yards
vanilla,4,givid
vanilla,4,deasonalled
vanilla,4,bestitlememorror
vanilla,4,samedian
vanilla,4,selved
vanilla,4,thour
vanilla,4,undroppeants
vanilla,4,thund
vanilla,4,diffections
vanilla,4,suspiky
vanilla,4,ll
vanilla,4,adok
vanilla,4,lettined
vanilla,4,forwarded
vanilla,4,mistasks
vanilla,4,triberly
vanilla,4,aroud
vanilla,4,colous
vanilla,4,flamagitabled
vanilla,4,oved
vanilla,4,pears
vanilla,4,blaciendeep
vanilla,4,forgume
vanilla,4,accured
vanilla,4,feman
vanilla,4,doublind
vanilla,4,assumes
vanilla,4,passure
vanilla,4,approad
vanilla,4,commindhamblish
vanilla,4,franginaluse
vanilla,4,intment
vanilla,4,calls
vanilla,4,pitor
vanilla,4,ther
vanilla,4,gless
vanilla,4,int
vanilla,4,ris
vanilla,4,doubts
vanilla,4,plet
vanilla,4,mantiplied
vanilla,4,dimility
vanilla,4,ince
vanilla,4,demong
vanilla,4,massincing
vanilla,4,nowled
vanilla,4,wormatione
vanilla,4,flumns
vanilla,4,inaturbed
vanilla,4,cottachingland
vanilla,4,pland
vanilla,4,hears
vanilla,4,quences
vanilla,4,courned
vanilla,4,panion
vanilla,4,resultuoused
vanilla,4,int
vanilla,4,preture
vanilla,4,gamber
vanilla,4,counderesignortle
vanilla,4,apped
vanilla,4,alleys
vanilla,4,laime
vanilla,4,atted
vanilla,4,flui
vanilla,4,minued
vanilla,4,abnorary
vanilla,4,dividly
vanilla,4,durinesses
vanilla,4,mosite
vanilla,4,drumere
vanilla,4,ideriod
vanilla,4,befor
vanilla,4,withem
vanilla,4,ther
vanilla,4,gence
vanilla,4,oncludedie
vanilla,4,havincient
vanilla,4,desting
vanilla,4,commed
vanilla,4,sor
vanilla,4,conscipalack
vanilla,4,quence
vanilla,4,pr
vanilla,4,parts
vanilla,4,engell
vanilla,4,seemeding
vanilla,4,greal
vanilla,4,thouty
vanilla,4,reciserto
vanilla,4,ality
vanilla,4,eerdition
vanilla,4,reprobabline
vanilla,4,raymone
vanilla,4,multate
vanilla,4,purched
vanilla,4,experudings
vanilla,4,seemissist
vanilla,4,repossed
vanilla,4,attactionsity
vanilla,4,differe
vanilla,4,twentle
vanilla,4,conving
vanilla,4,nearts
vanilla,4,willected
vanilla,4,says
vanilla,4,ovell
vanilla,4,thesertionsignifield
vanilla,4,angence
vanilla,4,persity
vanilla,4,comist
vanilla,4,nothe
vanilla,4,teless
vanilla,4,brane
vanilla,4,pocrible
vanilla,4,terce
vanilla,4,ther
vanilla,4,has
vanilla,4,conought
vanilla,4,watent
vanilla,4,herer
vanilla,4,neven
vanilla,4,pany
vanilla,4,existants
vanilla,4,trange
vanilla,4,persation
vanilla,4,groachief
vanilla,4,shing
vanilla,4,auty
vanilla,4,expering
vanilla,4,crous
vanilla,4,attemplexacted
vanilla,4,ther
vanilla,4,doorself
vanilla,4,paree
vanilla,4,inatiers
vanilla,4,imalife
vanilla,4,quiding
vanilla,4,narised
vanilla,4,impringage
vanilla,4,presea
vanilla,4,tolst
vanilla,4,labs
vanilla,4,ristal
vanilla,4,pated
vanilla,4,scrieked
vanilla,4,hourth
vanilla,4,lalanation
vanilla,4,withould
vanilla,4,hardointerrible
vanilla,4,soung
vanilla,4,enours
vanilla,4,gret
vanilla,4,beaution
vanilla,4,blaced
vanilla,4,inver
vanilla,4,wher
vanilla,4,posseasant
vanilla,4,ressed
vanilla,4,amon
vanilla,4,dester
vanilla,4,beare
vanilla,4,restiful
vanilla,4,diddly
vanilla,4,advantime
vanilla,4,reasonal
vanilla,4,dreason
vanilla,4,shour
vanilla,4,superflical
vanilla,4,visions
vanilla,4,fared
vanilla,4,circhief
vanilla,4,stradicatal
vanilla,4,zance
vanilla,4,objected
vanilla,4,mosted
vanilla,4,yountimblicalant
vanilla,4,bein
vanilla,4,youndering
vanilla,4,knowlessions
vanilla,4,alls
vanilla,4,solderst
vanilla,4,sains
vanilla,4,equival
vanilla,4,deviced
vanilla,4,oon
vanilla,4,orath
vanilla,4,jermities
vanilla,4,nauty
vanilla,4,neights
vanilla,4,reme
vanilla,4,coachersuasinity
vanilla,4,tracterious
vanilla,4,placed
vanilla,4,hited
vanilla,4,smay
vanilla,4,othe
vanilla,4,hopendid
vanilla,4,happed
vanilla,4,charp
vanilla,4,died
vanilla,4,clers
vanilla,4,undenly
vanilla,4,wers
vanilla,4,dring
vanilla,4,stillowere
vanilla,4,fiendeemently
vanilla,4,blace
vanilla,4,finds
vanilla,4,forgan
vanilla,4,ouriouse
vanilla,4,seement
vanilla,4,dutcasion
vanilla,4,miskatorevery
vanilla,4,stroops
vanilla,4,adment
vanilla,4,powere
vanilla,4,dred
vanilla,4,firs
vanilla,4,reeraturn
vanilla,4,pris
vanilla,4,froman
vanilla,4,achintry
vanilla,4,blacess
vanilla,4,shoes
vanilla,4,palarial
vanilla,4,zontile
vanilla,4,maken
vanilla,4,ranswerful
vanilla,4,acquision
vanilla,4,scarribalms
vanilla,4,greach
vanilla,4,pering
vanilla,4,throunded
vanilla,4,verious
vanilla,4,ength
vanilla,4,guilding
vanilla,4,chargumed
vanilla,4,descerter
vanilla,4,mothe
vanilla,4,ther
vanilla,4,drolountion
vanilla,4,alor
vanilla,4,ther
vanilla,4,absor
vanilla,4,twishe
vanilla,4,remults
vanilla,4,formurdly
vanilla,4,unks
vanilla,4,ress
vanilla,4,shous
vanilla,4,farefull
vanilla,4,murderful
vanilla,4,acter
vanilla,4,chilength
vanilla,4,haration
vanilla,4,seclust
vanilla,4,pocking
vanilla,4,cryptome
vanilla,4,thollow
vanilla,4,suns
vanilla,4,plaimit
vanilla,4,hadowy
vanilla,4,peathe
vanilla,4,utting
vanilla,4,uning
vanilla,4,theorget
vanilla,4,expreser
vanilla,4,visincreaterrows
vanilla,4,whomound
vanilla,4,tood
vanilla,4,ends
vanilla,4,hadowy
vanilla,4,murd
vanilla,4,tistil
vanilla,4,spitable
vanilla,4,frequary
vanilla,4,membattempose
vanilla,4,offect
vanilla,4,une
vanilla,4,shudden
vanilla,4,measte
vanilla,4,rom
vanilla,4,propr
vanilla,4,tors
vanilla,4,manion
vanilla,4,ador
vanilla,4,repart
vanilla,4,telessed
vanilla,4,hered
vanilla,4,notes
vanilla,4,questainto
vanilla,4,republinary
vanilla,4,fathe
vanilla,4,reger
vanilla,4,uness
vanilla,4,uncludesalluted
vanilla,4,absoling
vanilla,4,tempted
vanilla,4,rapher
vanilla,4,forushing
vanilla,4,creams
vanilla,4,imagic
vanilla,4,withould
vanilla,4,sumeethis
vanilla,4,graymondernal
vanilla,4,knes
vanilla,4,somehoothis
vanilla,4,untificius
vanilla,4,burge
vanilla,4,writy
vanilla,4,becaye
vanilla,4,drial
vanilla,4,orgoing
vanilla,4,spectors
vanilla,4,milength
vanilla,4,passary
vanilla,4,instroyage
vanilla,4,plen
vanilla,4,kegs
vanilla,4,inding
vanilla,4,stify
vanilla,4,exertaine
vanilla,4,profling
vanilla,4,wharge
vanilla,4,momeon
vanilla,4,andsorbital
vanilla,4,quarty
vanilla,4,vainerations
vanilla,4,elbouthe
vanilla,4,naturning
vanilla,4,ent
vanilla,4,dreat
vanilla,4,silessize
vanilla,4,thous
vanilla,4,presulpable
vanilla,4,buring
vanilla,4,ther
vanilla,4,abouring
vanilla,4,du
vanilla,4,nearties
vanilla,4,delink
vanilla,4,gence
vanilla,4,infestrollowinded
vanilla,4,unmuzzledied
vanilla,4,perheading
vanilla,4,spearathy
vanilla,4,ears
vanilla,4,tastent
vanilla,4,dared
vanilla,4,mastence
vanilla,4,ords
vanilla,4,ascendager
vanilla,4,charl
vanilla,4,thrountired
vanilla,4,animagnity
vanilla,4,everent
vanilla,4,extravined
vanilla,4,recisened
vanilla,4,leards
vanilla,4,shour
vanilla,4,perpril
vanilla,4,imagilt
vanilla,4,softere
vanilla,4,withose
vanilla,4,imps
vanilla,4,wond
vanilla,4,hersation
vanilla,4,evenuiter
vanilla,4,wrecover
vanilla,4,has
vanilla,4,disped
vanilla,4,dimed
vanilla,4,tes
vanilla,4,conce
vanilla,4,ther
vanilla,4,churchaic
vanilla,4,sted
vanilla,4,cons
vanilla,4,samet
vanilla,4,fearly
vanilla,4,larly
vanilla,4,agonisater
vanilla,4,difice
vanilla,4,existly
vanilla,4,webs
vanilla,4,thisted
vanilla,4,frage
vanilla,4,hadowed
vanilla,4,overate
vanilla,4,held
vanilla,4,ther
vanilla,4,sired
vanilla,4,frained
vanilla,4,outes
vanilla,4,gibly
vanilla,4,benerabbats
vanilla,4,withought
vanilla,4,finary
vanilla,4,oceaster
vanilla,4,scarrelabombram
vanilla,4,poetoile
vanilla,4,words
vanilla,4,eason
vanilla,4,tellings
vanilla,4,atmost
vanilla,4,distrank
vanilla,4,sights
vanilla,4,lity
vanilla,4,thes
vanilla,4,things
vanilla,4,becameled
vanilla,4,aloning
vanilla,4,ushe
vanilla,4,waite
vanilla,4,mazel
vanilla,4,beams
vanilla,4,ropositted
vanilla,4,doubterries
vanilla,4,firshy
vanilla,4,valreast
vanilla,4,conth
vanilla,4,plackles
vanilla,4,weepening
vanilla,4,desir
vanilla,4,parting
vanilla,4,ength
vanilla,4,circumstane
vanilla,4,mael
vanilla,4,cruptly
vanilla,4,telled
vanilla,4,cologic
vanilla,4,ter
vanilla,4,fath
vanilla,4,opers
vanilla,4,nobiasm
vanilla,4,enside
vanilla,4,objects
vanilla,4,gropeneholence
vanilla,4,timentes
vanilla,4,slike
vanilla,4,lita
vanilla,4,impulant
vanilla,4,perhappeart
vanilla,4,anged
vanilla,4,subjoinous
vanilla,4,exprecity
vanilla,4,lessings
vanilla,4,descrimes
vanilla,4,preply
vanilla,4,companions
vanilla,4,stury
vanilla,4,leanot
vanilla,4,ther
vanilla,4,shorried
vanilla,4,disonscious
vanilla,4,dese
vanilla,4,dispeakind
vanilla,4,magicianterse
vanilla,4,immed
vanilla,4,belopiness
vanilla,4,codelaticult
vanilla,4,norangernal
vanilla,4,frominoceedomewhen
vanilla,4,andown
vanilla,4,glimposson
vanilla,4,assed
vanilla,4,agest
vanilla,4,fornes
vanilla,4,ter
vanilla,4,trugglest
vanilla,4,appiness
vanilla,4,hopeneverditater
vanilla,4,abodies
vanilla,4,conver
vanilla,4,elled
vanilla,4,gadiculare
vanilla,4,explacing
vanilla,4,gilman
vanilla,4,contree
vanilla,4,cendit
vanilla,4,clockinstrollows
vanilla,4,westeementars
vanilla,4,deeps
vanilla,4,vergy
vanilla,4,caself
vanilla,4,rouds
vanilla,4,appy
vanilla,4,slangway
vanilla,4,succes
vanilla,4,wondee
vanilla,4,doubted
vanilla,4,keption
vanilla,4,entainessed
vanilla,4,brelate
vanilla,4,mation
vanilla,4,teadfulness
vanilla,4,clost
vanilla,4,comparing
vanilla,4,chand
vanilla,4,orbouth
vanilla,4,irium
vanilla,4,hors
vanilla,4,deatly
vanilla,4,drong
vanilla,4,dies
vanilla,4,inst
vanilla,4,midly
vanilla,4,instrail
vanilla,4,inctuation
vanilla,4,mountensensit
vanilla,4,trentle
vanilla,4,hom
vanilla,4,shousagain
vanilla,4,westill
vanilla,4,herm
vanilla,4,andown
vanilla,4,ful
vanilla,4,benearly
vanilla,4,thout
vanilla,4,greward
vanilla,4,envicter
vanilla,4,hutte
vanilla,4,int
vanilla,4,perth
vanilla,4,altoge
vanilla,4,outh
vanilla,4,eas
vanilla,4,cots
vanilla,4,tossuitemptione
vanilla,4,andfath
vanilla,4,flas
vanilla,4,givestainto
vanilla,4,leasinly
vanilla,4,ardenly
vanilla,4,dances
vanilla,4,folled
vanilla,4,banitely
vanilla,4,wond
vanilla,4,aspitage
vanilla,4,bottene
vanilla,4,nevery
vanilla,4,cloative
vanilla,4,ander
vanilla,4,complents
vanilla,4,alls
vanilla,4,emptom
vanilla,4,ins
vanilla,4,thes
vanilla,4,shellow
vanilla,4,terrango
vanilla,4,loor
vanilla,4,oddle
vanilla,4,banks
vanilla,4,folise
vanilla,4,therhaps
vanilla,4,quetter
vanilla,4,betwelled
vanilla,4,dest
vanilla,4,hapted
vanilla,4,barent
vanilla,4,nund
vanilla,4,retcheddent
vanilla,4,shorry
vanilla,4,withing
vanilla,4,magingerly
vanilla,4,moves
vanilla,4,sideous
vanilla,4,remach
vanilla,4,pointouch
vanilla,4,mach
vanilla,4,swired
vanilla,4,excity
vanilla,4,granot
vanilla,4,deluctionscions
vanilla,4,spon
vanilla,4,unreat
vanilla,4,supplists
vanilla,4,hast
vanilla,4,swere
vanilla,4,possions
vanilla,4,proast
vanilla,4,beguished
vanilla,4,unted
vanilla,4,scurtly
vanilla,4,clife
vanilla,4,permedang
vanilla,4,poinct
vanilla,4,tradual
vanilla,4,gorizon
vanilla,4,swall
vanilla,4,gnant
vanilla,4,pugnatisfielders
vanilla,4,ments
vanilla,4,obsery
vanilla,4,harsy
vanilla,4,mena
vanilla,4,struthour
vanilla,4,eaced
vanilla,4,movall
vanilla,4,cred
vanilla,4,livers
vanilla,4,ine
vanilla,4,talian
vanilla,4,fords
vanilla,4,undange
vanilla,4,imated
vanilla,4,teady
vanilla,4,inctnes
vanilla,4,beying
vanilla,4,ple
vanilla,4,hearly
vanilla,4,fessors
vanilla,4,ther
vanilla,4,brate
vanilla,4,oceansentand
vanilla,4,maken
vanilla,4,depent
vanilla,4,shoniantinuest
vanilla,4,canth
vanilla,4,othe
vanilla,4,emed
vanilla,4,curred
vanilla,4,senturn
vanilla,4,guence
vanilla,4,vativening
vanilla,4,appen
vanilla,4,beinkarth
vanilla,4,chaotions
vanilla,4,sometic
vanilla,4,mons
vanilla,4,seeme
vanilla,4,neare
vanilla,4,intombread
vanilla,4,invet
vanilla,4,bituatterming
vanilla,4,imps
vanilla,4,speatly
vanilla,4,superhappieceived
vanilla,4,cless
vanilla,4,neverceive
vanilla,4,scened
vanilla,4,triber
vanilla,4,fries
vanilla,4,orge
vanilla,4,monge
vanilla,4,funeven
vanilla,4,plation
vanilla,4,stration
vanilla,4,inquittle
vanilla,4,purpation
vanilla,4,cons
vanilla,4,ver
vanilla,4,lowed
vanilla,4,ver
vanilla,4,nativent
vanilla,4,panies
vanilla,4,sountillignet
vanilla,4,lifelect
vanilla,4,ent
vanilla,4,forgantitive
vanilla,4,brainstempey
vanilla,4,dat
vanilla,4,herely
vanilla,4,rous
vanilla,4,paulty
vanilla,4,navaguested
vanilla,4,pers
vanilla,4,wells
vanilla,4,therse
vanilla,4,clothospecultipliever
vanilla,4,ple
vanilla,4,andfastorm
vanilla,4,shring
vanilla,4,howeven
vanilla,4,kney
vanilla,4,appresent
vanilla,4,humanned
vanilla,4,repressence
vanilla,4,ove
vanilla,4,starrial
vanilla,4,feariouse
vanilla,4,bothe
vanilla,4,cowared
vanilla,4,revottirribunatel
vanilla,4,simpres
vanilla,4,feetly
vanilla,4,girturbid
vanilla,4,untalk
vanilla,4,boatelen
vanilla,4,fellied
vanilla,4,acrossiblew
vanilla,4,comple
vanilla,4,chappeake
vanilla,4,dest
vanilla,4,virth
vanilla,4,hideathe
vanilla,4,feet
vanilla,4,rall
vanilla,4,enthis
vanilla,4,cour
vanilla,4,houth
vanilla,4,tes
vanilla,4,ther
vanilla,4,theserves
vanilla,4,nour
vanilla,4,purceiver
vanilla,4,immerenet
vanilla,4,uttle
vanilla,4,griety
vanilla,4,whilete
vanilla,4,houghly
vanilla,4,posity
vanilla,4,crumenty
vanilla,4,roundereful
vanilla,4,cround
vanilla,4,nection
vanilla,4,inting
vanilla,4,sings
vanilla,4,trainefferning
vanilla,4,yelliage
vanilla,4,hollistill
vanilla,4,int
vanilla,4,nondere
vanilla,4,contental
vanilla,4,amust
vanilla,4,experime
vanilla,4,seeks
vanilla,4,collast
vanilla,4,altogethis
vanilla,4,laters
vanilla,4,deavoyalities
vanilla,4,narying
vanilla,4,als
vanilla,4,idense
vanilla,4,flastle
vanilla,4,foods
vanilla,4,confor
vanilla,4,conds
vanilla,4,seventege
vanilla,4,eachemself
vanilla,4,exprecorpiousness
vanilla,4,movertaking
vanilla,4,cont
vanilla,4,proped
vanilla,4,ridolphildrese
vanilla,4,thich
vanilla,4,womations
vanilla,4,lations
vanilla,4,beaution
vanilla,4,feets
vanilla,4,slimbs
vanilla,4,wered
vanilla,4,moonly
vanilla,4,des
vanilla,4,mansmust
vanilla,5,alreadfull
vanilla,5,conce
vanilla,5,scendantly
vanilla,5,dependens
vanilla,5,ebbery
vanilla,5,altogethere
vanilla,5,heavenue
vanilla,5,withough
vanilla,5,communifolds
vanilla,5,smiles
vanilla,5,shrieking
vanilla,5,angely
vanilla,5,suppertilent
vanilla,5,breedom
vanilla,5,nevery
vanilla,5,windows
vanilla,5,planators
vanilla,5,unseemed
vanilla,5,eversed
vanilla,5,barre
vanilla,5,vaporter
vanilla,5,pressions
vanilla,5,having
vanilla,5,limbs
vanilla,5,littleman
vanilla,5,heardense
vanilla,5,staken
vanilla,5,alreaden
vanilla,5,rumourning
vanilla,5,accordid
vanilla,5,notices
vanilla,5,govered
vanilla,5,entition
vanilla,5,friences
vanilla,5,discourselfished
vanilla,5,contradiseased
vanilla,5,idence
vanilla,5,heard
vanilla,5,perquestill
vanilla,5,observed
vanilla,5,protruded
vanilla,5,regimentity
vanilla,5,nothink
vanilla,5,majest
vanilla,5,adden
vanilla,5,unifolden
vanilla,5,bleu
vanilla,5,mightness
vanilla,5,tortunendure
vanilla,5,apparentlemand
vanilla,5,sted
vanilla,5,hybrides
vanilla,5,leaps
vanilla,5,slanted
vanilla,5,crittent
vanilla,5,nephrey
vanilla,5,suffed
vanilla,5,misforts
vanilla,5,asked
vanilla,5,inton
vanilla,5,jewell
vanilla,5,houses
vanilla,5,worrible
vanilla,5,inite
vanilla,5,cats
vanilla,5,putting
vanilla,5,axioms
vanilla,5,strangel
vanilla,5,midnightful
vanilla,5,alth
vanilla,5,somethin
vanilla,5,famility
vanilla,5,akuriositive
vanilla,5,sacreditor
vanilla,5,minutes
vanilla,5,unalter
vanilla,5,enterred
vanilla,5,lids
vanilla,5,cleares
vanilla,5,daown
vanilla,5,hilation
vanilla,5,pered
vanilla,5,walked
vanilla,5,flames
vanilla,5,anguishes
vanilla,5,strees
vanilla,5,indulged
vanilla,5,having
vanilla,5,clerits
vanilla,5,regions
vanilla,5,stupended
vanilla,5,shunned
vanilla,5,haviously
vanilla,5,undered
vanilla,5,thomaged
vanilla,5,iranon
vanilla,5,accustomary
vanilla,5,togethere
vanilla,5,leaped
vanilla,5,someleopardour
vanilla,5,centrange
vanilla,5,fourts
vanilla,5,normined
vanilla,5,contream
vanilla,5,occupatient
vanilla,5,perminatic
vanilla,5,reticall
vanilla,5,farthly
vanilla,5,intervals
vanilla,5,restranquires
vanilla,5,practed
vanilla,5,electional
vanilla,5,has
vanilla,5,blances
vanilla,5,began
vanilla,5,lunatomic
vanilla,5,tellings
vanilla,5,flatticeable
vanilla,5,clocket
vanilla,5,conster
vanilla,5,entiremed
vanilla,5,twistinct
vanilla,5,intenants
vanilla,5,furthere
vanilla,5,perpetrosition
vanilla,5,inspicion
vanilla,5,invening
vanilla,5,depositely
vanilla,5,unanswer
vanilla,5,incliness
vanilla,5,ll
vanilla,5,knowed
vanilla,5,requestingdom
vanilla,5,tracters
vanilla,5,joined
vanilla,5,electre
vanilla,5,maism
vanilla,5,ascernity
vanilla,5,gleament
vanilla,5,memorsementive
vanilla,5,seemed
vanilla,5,perdita
vanilla,5,oper
vanilla,5,enormation
vanilla,5,courts
vanilla,5,betterns
vanilla,5,trappen
vanilla,5,suffered
vanilla,5,numbers
vanilla,5,shewed
vanilla,5,hintention
vanilla,5,lightmare
vanilla,5,ballows
vanilla,5,evided
vanilla,5,arminating
vanilla,5,greath
vanilla,5,solstadt
vanilla,5,atten
vanilla,5,titanishere
vanilla,5,existen
vanilla,5,drapericalled
vanilla,5,mannel
vanilla,5,began
vanilla,5,blacked
vanilla,5,certained
vanilla,5,curites
vanilla,5,throught
vanilla,5,suspendure
vanilla,5,ording
vanilla,5,woulderness
vanilla,5,resence
vanilla,5,reasily
vanilla,5,descene
vanilla,5,decident
vanilla,5,matured
vanilla,5,homologicall
vanilla,5,maintained
vanilla,5,has
vanilla,5,breated
vanilla,5,wanded
vanilla,5,deparactersed
vanilla,5,dependeavored
vanilla,5,having
vanilla,5,lowers
vanilla,5,believed
vanilla,5,tharities
vanilla,5,bundary
vanilla,5,parts
vanilla,5,merican
vanilla,5,chroned
vanilla,5,flowed
vanilla,5,circumstant
vanilla,5,laught
vanilla,5,having
vanilla,5,endotage
vanilla,5,favoured
vanilla,5,emptionally
vanilla,5,ther
vanilla,5,lowed
vanilla,5,verged
vanilla,5,torms
vanilla,5,pines
vanilla,5,certained
vanilla,5,confeder
vanilla,5,embraceful
vanilla,5,sighs
vanilla,5,obligence
vanilla,5,heerfulness
vanilla,5,coinary
vanilla,5,propped
vanilla,5,strate
vanilla,5,diminutes
vanilla,5,aparted
vanilla,5,beforehead
vanilla,5,represently
vanilla,5,passent
vanilla,5,mated
vanilla,5,destic
vanilla,5,entour
vanilla,5,frye
vanilla,5,fortunes
vanilla,5,thes
vanilla,5,chiminary
vanilla,5,ones
vanilla,5,lockings
vanilla,5,withought
vanilla,5,superspreadful
vanilla,5,undering
vanilla,5,promiserable
vanilla,5,drops
vanilla,5,leasurely
vanilla,5,failed
vanilla,5,plained
vanilla,5,endeavourage
vanilla,5,especies
vanilla,5,objecture
vanilla,5,althousandscape
vanilla,5,despitaliance
vanilla,5,innsmouth
vanilla,5,inexpectively
vanilla,5,decaden
vanilla,5,ninet
vanilla,5,having
vanilla,5,devel
vanilla,5,feet
vanilla,5,prope
vanilla,5,countenances
vanilla,5,expostumps
vanilla,5,receded
vanilla,5,disproportist
vanilla,5,helped
vanilla,5,univerself
vanilla,5,shew
vanilla,5,streams
vanilla,5,stranes
vanilla,5,breat
vanilla,5,memors
vanilla,5,abaout
vanilla,5,sinishing
vanilla,5,nvidity
vanilla,5,entern
vanilla,5,genuity
vanilla,5,undered
vanilla,5,probes
vanilla,5,buildishly
vanilla,5,leviate
vanilla,5,replied
vanilla,5,calcularly
vanilla,5,assage
vanilla,5,replied
vanilla,5,busingle
vanilla,5,sympathings
vanilla,5,bombation
vanilla,5,proceeded
vanilla,5,lipsed
vanilla,5,malities
vanilla,5,forgotted
vanilla,5,throneousness
vanilla,5,unguns
vanilla,5,stonistent
vanilla,5,ideas
vanilla,5,alonely
vanilla,5,pring
vanilla,5,looks
vanilla,5,entercoat
vanilla,5,ameration
vanilla,5,goldestroyed
vanilla,5,looset
vanilla,5,crags
vanilla,5,catchina
vanilla,5,volitating
vanilla,5,periods
vanilla,5,explainless
vanilla,5,troposed
vanilla,5,happine
vanilla,5,dest
vanilla,5,impresculpturous
vanilla,5,practivity
vanilla,5,estronging
vanilla,5,writted
vanilla,5,suffered
vanilla,5,institude
vanilla,5,sorror
vanilla,5,ceased
vanilla,5,plung
vanilla,5,successarily
vanilla,5,redering
vanilla,5,astonic
vanilla,5,machina
vanilla,5,frant
vanilla,5,surcing
vanilla,5,pattered
vanilla,5,encountaining
vanilla,5,inconclustreet
vanilla,5,things
vanilla,5,fragments
vanilla,5,answere
vanilla,5,que
vanilla,5,gigant
vanilla,5,geographs
vanilla,5,windolation
vanilla,5,agains
vanilla,5,countrysidered
vanilla,5,assed
vanilla,5,nemended
vanilla,5,interial
vanilla,5,heeded
vanilla,5,mised
vanilla,5,intered
vanilla,5,heard
vanilla,5,wires
vanilla,5,vor
vanilla,5,colone
vanilla,5,othere
vanilla,5,dreamed
vanilla,5,terried
vanilla,5,greaters
vanilla,5,imagic
vanilla,5,archments
vanilla,5,tutore
vanilla,5,begotium
vanilla,5,americ
vanilla,5,providention
vanilla,5,loved
vanilla,5,templete
vanilla,5,withough
vanilla,5,revening
vanilla,5,doned
vanilla,5,ince
vanilla,5,launcheck
vanilla,5,shuddenied
vanilla,5,receit
vanilla,5,evoked
vanilla,5,conce
vanilla,5,alloon
vanilla,5,leered
vanilla,5,subjects
vanilla,5,permity
vanilla,5,milderstilence
vanilla,5,inted
vanilla,5,abhorror
vanilla,5,inding
vanilla,5,perious
vanilla,5,screat
vanilla,5,physicalley
vanilla,5,vales
vanilla,5,anting
vanilla,5,intered
vanilla,5,marching
vanilla,5,suspent
vanilla,5,wered
vanilla,5,delic
vanilla,5,abhorror
vanilla,5,labout
vanilla,5,viction
vanilla,5,requences
vanilla,5,duringlomer
vanilla,5,failed
vanilla,5,distiny
vanilla,5,naturies
vanilla,5,stagnantime
vanilla,5,greated
vanilla,5,univered
vanilla,5,fiends
vanilla,5,desidedly
vanilla,5,woods
vanilla,5,terment
vanilla,5,fellor
vanilla,5,worses
vanilla,5,mained
vanilla,5,deman
vanilla,5,stretcheroes
vanilla,5,ages
vanilla,5,curvived
vanilla,5,aggregard
vanilla,5,walls
vanilla,5,bounds
vanilla,5,destranquiet
vanilla,5,coffence
vanilla,5,strary
vanilla,5,astrom
vanilla,5,furs
vanilla,5,shamber
vanilla,5,themself
vanilla,5,asped
vanilla,5,proportrayer
vanilla,5,teley
vanilla,5,killed
vanilla,5,throwski
vanilla,5,accountained
vanilla,5,droves
vanilla,5,infantasies
vanilla,5,obstruggle
vanilla,5,passessing
vanilla,5,journed
vanilla,5,windergrowing
vanilla,5,observent
vanilla,5,teless
vanilla,5,operly
vanilla,5,unded
vanilla,5,afforded
vanilla,5,shutty
vanilla,5,herod
vanilla,5,politary
vanilla,5,inevital
vanilla,5,eagers
vanilla,5,notony
vanilla,5,maried
vanilla,5,dependows
vanilla,5,terrors
vanilla,5,looked
vanilla,5,seemed
vanilla,5,compassignified
vanilla,5,acorne
vanilla,5,walked
vanilla,5,impulsionallish
vanilla,5,explains
vanilla,5,muside
vanilla,5,idris
vanilla,5,thor
vanilla,5,cathur
vanilla,5,premaining
vanilla,5,noises
vanilla,5,narranger
vanilla,5,leadily
vanilla,5,deaths
vanilla,5,oncerning
vanilla,5,thrustlings
vanilla,5,aner
vanilla,5,treets
vanilla,5,destroken
vanilla,5,dreament
vanilla,5,imperiod
vanilla,5,futures
vanilla,5,relial
vanilla,5,sweetery
vanilla,5,collows
vanilla,5,rendeavourse
vanilla,5,suppositions
vanilla,5,neces
vanilla,5,sunship
vanilla,5,therself
vanilla,5,aurely
vanilla,5,hoarded
vanilla,5,affortunes
vanilla,5,flowers
vanilla,5,prospecian
vanilla,5,disquie
vanilla,5,neverboard
vanilla,5,ther
vanilla,5,sydney
vanilla,5,reven
vanilla,5,attributinized
vanilla,5,frence
vanilla,5,excuses
vanilla,5,invested
vanilla,5,studies
vanilla,5,leeds
vanilla,5,paved
vanilla,5,inst
vanilla,5,imposses
vanilla,5,propriating
vanilla,5,asia
vanilla,5,failed
vanilla,5,grotectual
vanilla,5,forted
vanilla,5,probleming
vanilla,5,morange
vanilla,5,retreams
vanilla,5,opportion
vanilla,5,egree
vanilla,5,wateriors
vanilla,5,picted
vanilla,5,eightly
vanilla,5,horsement
vanilla,5,eventy
vanilla,5,disorderstants
vanilla,5,aston
vanilla,5,admiraculate
vanilla,5,ongas
vanilla,5,aftern
vanilla,5,sounderstanding
vanilla,5,idris
vanilla,5,particulating
vanilla,5,diddles
vanilla,5,expectably
vanilla,5,courselvet
vanilla,5,unawarehould
vanilla,5,thout
vanilla,5,eyes
vanilla,5,labout
vanilla,5,passisten
vanilla,5,hopes
vanilla,5,recollegendry
vanilla,5,starticulater
vanilla,5,liked
vanilla,5,auther
vanilla,5,extental
vanilla,5,beholdier
vanilla,5,strewell
vanilla,5,beauties
vanilla,5,deignty
vanilla,5,recedestrong
vanilla,5,died
vanilla,5,hours
vanilla,5,thereforeigns
vanilla,5,wealthought
vanilla,5,heard
vanilla,5,stranquiry
vanilla,5,forms
vanilla,5,shoutside
vanilla,5,naturesourself
vanilla,5,ther
vanilla,5,zadok
vanilla,5,portune
vanilla,5,partainly
vanilla,5,fearliametermed
vanilla,5,having
vanilla,5,overnments
vanilla,5,experimensive
vanilla,5,squeath
vanilla,5,voices
vanilla,5,beforevealed
vanilla,5,called
vanilla,5,panism
vanilla,5,himselves
vanilla,5,alier
vanilla,5,beauties
vanilla,5,countain
vanilla,5,atmosphern
vanilla,5,educed
vanilla,5,suspecies
vanilla,5,lips
vanilla,5,spected
vanilla,5,completon
vanilla,5,lattempe
vanilla,5,dainted
vanilla,5,seemed
vanilla,5,preferrificated
vanilla,5,comples
vanilla,5,dissing
vanilla,5,accountense
vanilla,5,bravage
vanilla,5,asked
vanilla,5,capacing
vanilla,5,ments
vanilla,5,emotions
vanilla,5,sterfluities
vanilla,5,inderstory
vanilla,5,portression
vanilla,5,wastimulae
vanilla,5,minutes
vanilla,5,withough
